{
  "label_fraction": 0.05,
  "train_size": 234,
  "test_acc": 0.7852564102564102,
  "test_auroc": 0.8962853385930308,
  "test_ece": 0.24274838379082764,
  "best_val_auroc": 0.931771874702466
}