{
 "accuracy": 0.8894230769230769,
 "auroc": 0.9664584703046242
}
