{
    "test_acc": 0.8439716312056738,
    "test_auroc": 0.8846701471286188,
    "ece": 0.07938357088582736
}