{
    "test_acc": 0.6737588652482269,
    "test_auroc": 0.5434266729947794,
    "ece": 0.15655709200717033
}