{
  "acc": 0.8397435897435898,
  "auroc": 0.8761487050960736
}