{
  "acc": 0.717948717948718,
  "auroc": 0.6050543024227235
}