{
  "label_fraction": 0.1,
  "test_acc": 0.8814102564102564,
  "test_auroc": 0.9523997370151216,
  "test_ece": 0.34065709554423135
}