{
  "label_fraction": 0.05,
  "test_acc": 0.8605769230769231,
  "test_auroc": 0.9539283366206444,
  "test_ece": 0.34276595879167027
}