{
  "label_fraction": 1.0,
  "train_size": 4708,
  "test_acc": 0.8092948717948718,
  "test_auroc": 0.9355139162831471,
  "test_ece": 0.2663328480333663
}