{
  "label_fraction": 0.1,
  "test_acc": 0.8189102564102564,
  "test_auroc": 0.9136861713784792,
  "test_ece": 0.23286933343833643
}