{
  "label_fraction": 0.05,
  "test_acc": 0.8108974358974359,
  "test_auroc": 0.9025312294543064,
  "test_ece": 0.22691434034361294
}