{
    "acc": 0.6474358974358975,
    "balanced_acc": 0.6535087719298245,
    "auroc": 0.7036340852130326,
    "best_threshold": 0.5527638190954774
}