{
    "acc": 0.6474358974358975,
    "balanced_acc": 0.668546365914787,
    "auroc": 0.7203425229741018,
    "best_threshold": 0.6080402010050251
}