{
    "acc": 0.5833333333333334,
    "balanced_acc": 0.6322055137844611,
    "auroc": 0.7071846282372598,
    "best_threshold": 0.6180904522613065
}