{
    "acc": 0.7115384615384616,
    "balanced_acc": 0.7124060150375939,
    "auroc": 0.7880116959064328,
    "best_threshold": 0.5125628140703518
}