{
    "acc": 0.7307692307692307,
    "balanced_acc": 0.7105263157894737,
    "auroc": 0.7821637426900585,
    "best_threshold": 0.45226130653266333
}