{
    "acc": 0.6089743589743589,
    "balanced_acc": 0.6723057644110275,
    "auroc": 0.7362155388471179,
    "best_threshold": 0.6984924623115578
}