{
    "acc": 0.717948717948718,
    "balanced_acc": 0.5964912280701754,
    "auroc": 0.6833751044277361,
    "ece": 0.10202084176051308
}