{
    "acc": 0.7564102564102564,
    "balanced_acc": 0.6754385964912281,
    "auroc": 0.7374686716791979,
    "ece": 0.16092712776019025,
    "best_threshold": 0.6030150753768845
}