{
    "acc": 0.7243589743589743,
    "balanced_acc": 0.706140350877193,
    "auroc": 0.8130743525480367,
    "ece": 0.11235867402492425,
    "best_threshold": 0.7286432160804021
}