{
    "acc": 0.7628205128205128,
    "balanced_acc": 0.724937343358396,
    "auroc": 0.7495822890559732
}