{
    "acc": 0.7884615384615384,
    "balanced_acc": 0.6973684210526316,
    "auroc": 0.7598162071846283,
    "ece": 0.12168028616370302
}