{
    "acc": 0.7243589743589743,
    "balanced_acc": 0.7211779448621554,
    "auroc": 0.7514619883040936
}