{
  "accuracy": 0.8349358974358975,
  "auroc": 0.9326539557308788,
  "ece": 0.3462572802240268
}
